row_id,congestion
848835,56.534607
848836,41.613228
848837,56.07761
848838,30.826027
848839,70.3663
848840,64.72091
848841,44.43756
848842,50.788475
848843,63.141586
848844,69.695564
848845,41.15775
848846,34.160515
848847,42.415405
848848,36.01601
848849,66.148705
848850,33.155113
848851,44.169884
848852,61.653107
848853,58.938313
848854,63.710922
848855,45.9476
848856,42.89175
848857,41.60654
848858,61.28116
848859,59.11966
848860,63.474335
848861,57.151203
848862,71.65133
848863,60.46005
848864,54.64908
848865,70.0905
848866,60.610603
848867,68.46052
848868,42.77169
848869,68.18045
848870,57.09024
848871,67.824615
848872,42.53121
848873,43.881847
848874,70.455894
848875,72.07109
848876,56.026966
848877,76.34042
848878,73.95392
848879,37.645275
848880,21.38258
848881,28.409313
848882,40.392204
848883,34.32642
848884,45.54823
848885,53.71022
848886,66.42553
848887,60.99293
848888,35.31541
848889,21.222956
848890,68.766556
848891,31.20869
848892,55.007397
848893,72.1871
848894,47.682545
848895,58.694298
848896,30.596806
848897,70.630875
848898,21.303167
848899,44.403896
848900,55.42524
848901,42.16882
848902,56.135662
848903,29.768393
848904,72.51168
848905,67.378784
848906,44.861786
848907,50.88976
848908,63.855137
848909,70.747284
848910,40.83461
848911,32.508884
848912,42.471737
848913,36.68785
848914,67.36762
848915,32.33205
848916,42.722134
848917,61.874752
848918,60.551556
848919,64.02765
848920,46.802895
848921,43.17253
848922,42.558598
848923,63.318466
848924,62.354214
848925,64.356544
848926,58.52576
848927,72.04579
848928,62.712795
848929,56.15404
848930,71.604645
848931,62.809788
848932,69.463036
848933,42.359207
848934,70.06334
848935,58.166885
848936,68.51331
848937,43.4298
848938,44.777256
848939,72.50812
848940,73.45935
848941,57.245487
848942,77.50871
848943,74.61546
848944,39.05765
848945,21.81746
848946,28.50949
848947,41.0523
848948,34.482437
848949,45.816742
848950,56.076397
848951,66.68182
848952,62.24437
848953,35.553814
848954,21.520761
848955,69.96008
848956,33.54062
848957,55.11999
848958,74.365906
848959,46.619957
848960,58.460278
848961,29.87037
848962,70.67634
848963,21.558895
848964,45.088013
848965,55.858593
848966,42.676487
848967,55.41705
848968,29.855574
848969,73.04662
848970,66.18277
848971,45.164764
848972,50.50264
848973,62.60844
848974,70.27013
848975,40.901466
848976,33.771442
848977,40.56025
848978,35.552742
848979,66.76479
848980,33.07865
848981,43.504684
848982,62.421143
848983,60.616035
848984,63.742275
848985,46.204082
848986,44.013313
848987,42.813103
848988,64.47137
848989,62.235714
848990,63.25531
848991,59.742653
848992,72.51218
848993,62.5655
848994,57.215267
848995,70.631615
848996,63.025368
848997,69.83431
848998,43.37622
848999,69.77106
849000,57.85511
849001,68.15859
849002,43.942585
849003,45.08741
849004,71.7297
849005,71.87663
849006,57.35751
849007,77.58756
849008,75.24584
849009,38.44225
849010,21.490042
849011,28.602663
849012,40.735645
849013,34.230946
849014,46.34933
849015,55.24241
849016,66.98891
849017,63.3447
849018,36.37462
849019,21.46206
849020,69.253746
849021,34.768597
849022,55.82858
849023,74.42669
849024,47.676296
849025,59.062016
849026,29.545536
849027,71.21688
849028,19.285376
849029,45.323875
849030,57.38098
849031,42.70173
849032,56.344254
849033,31.621002
849034,73.79576
849035,67.007454
849036,47.896755
849037,52.2008
849038,64.27858
849039,70.65068
849040,40.668167
849041,34.852646
849042,42.4266
849043,36.628902
849044,66.21041
849045,33.821968
849046,44.29829
849047,63.850964
849048,60.732323
849049,63.888405
849050,47.228786
849051,44.31195
849052,42.984642
849053,65.01105
849054,66.12446
849055,63.856655
849056,62.84364
849057,73.58378
849058,63.4389
849059,56.958664
849060,71.15262
849061,63.9156
849062,71.27134
849063,44.33307
849064,70.16994
849065,57.642097
849066,67.90802
849067,45.599686
849068,46.32088
849069,72.566216
849070,72.946945
849071,57.76477
849072,77.99719
849073,76.18701
849074,40.132538
849075,22.110271
849076,28.411556
849077,41.711746
849078,34.383667
849079,45.999943
849080,56.99236
849081,67.826935
849082,64.65818
849083,36.51994
849084,21.55486
849085,71.16989
849086,34.63088
849087,55.379845
849088,75.9234
849089,47.31302
849090,58.92588
849091,29.02833
849092,70.84458
849093,20.615925
849094,45.787025
849095,55.819386
849096,42.247684
849097,55.325775
849098,31.726742
849099,74.43198
849100,67.91042
849101,47.95638
849102,52.932274
849103,64.47851
849104,69.96284
849105,41.321598
849106,35.314705
849107,42.651405
849108,36.223995
849109,66.19068
849110,34.405052
849111,44.999226
849112,63.32342
849113,59.610413
849114,63.928825
849115,46.26465
849116,43.72419
849117,42.35337
849118,66.34185
849119,65.80847
849120,64.07445
849121,62.94349
849122,72.72051
849123,63.634007
849124,56.78866
849125,70.11782
849126,63.850914
849127,71.034
849128,44.32413
849129,70.05455
849130,57.52399
849131,67.57033
849132,44.33044
849133,46.29589
849134,72.55155
849135,72.84308
849136,56.779186
849137,77.87485
849138,75.66563
849139,40.46717
849140,21.401217
849141,28.153748
849142,41.738197
849143,34.086765
849144,46.162243
849145,56.754284
849146,66.27335
849147,64.34254
849148,37.226467
849149,21.58636
849150,69.5953
849151,36.586357
849152,56.47048
849153,75.51955
849154,48.394993
849155,58.99938
849156,29.40774
849157,70.57502
849158,19.865932
849159,46.13336
849160,58.1775
849161,45.384254
849162,56.68152
849163,35.084984
849164,77.57344
849165,71.28925
849166,51.763386
849167,54.598373
849168,66.8265
849169,71.891945
849170,43.238632
849171,36.772408
849172,45.029274
849173,39.00512
849174,67.64957
849175,35.367542
849176,46.279697
849177,65.38166
849178,62.287987
849179,65.82429
849180,49.251728
849181,46.77831
849182,45.290737
849183,70.48052
849184,68.33601
849185,64.95646
849186,66.59957
849187,75.56842
849188,67.384384
849189,59.88959
849190,72.61517
849191,65.22886
849192,73.77138
849193,45.96022
849194,73.19455
849195,59.017086
849196,68.77363
849197,46.544342
849198,47.612617
849199,74.120056
849200,73.20229
849201,58.86479
849202,78.51234
849203,78.71692
849204,42.151386
849205,21.935133
849206,28.155643
849207,44.02585
849208,34.33908
849209,45.93452
849210,58.905815
849211,69.35503
849212,67.71054
849213,38.360294
849214,22.308756
849215,73.720215
849216,36.50545
849217,56.268154
849218,77.80531
849219,47.5707
849220,59.11294
849221,29.60773
849222,70.527214
849223,20.169065
849224,46.10422
849225,59.435963
849226,47.78185
849227,58.380486
849228,37.15741
849229,79.36768
849230,73.34057
849231,53.76217
849232,54.848267
849233,67.72888
849234,72.730545
849235,43.93161
849236,37.36075
849237,44.774864
849238,39.496204
849239,68.23414
849240,35.858566
849241,46.431355
849242,67.273766
849243,62.890198
849244,66.678085
849245,50.70949
849246,48.085888
849247,46.93226
849248,72.875534
849249,70.938576
849250,63.96775
849251,69.58242
849252,75.68222
849253,69.0787
849254,60.69007
849255,72.8503
849256,65.42783
849257,73.90445
849258,46.23073
849259,73.60234
849260,58.60387
849261,68.741646
849262,47.444645
849263,48.049618
849264,74.297424
849265,72.583145
849266,59.523575
849267,78.597374
849268,79.55189
849269,43.098946
849270,21.488806
849271,28.003216
849272,45.274437
849273,34.160053
849274,45.935856
849275,60.569466
849276,68.955025
849277,67.77883
849278,38.943264
849279,22.731117
849280,73.61907
849281,39.309498
849282,55.848415
849283,77.66153
849284,46.773563
849285,58.54714
849286,29.296186
849287,70.11839
849288,19.172205
849289,44.828552
849290,59.71297
849291,46.38869
849292,58.55895
849293,37.233833
849294,78.31724
849295,72.659164
849296,53.29485
849297,55.802517
849298,67.79529
849299,72.969154
849300,43.91495
849301,38.18608
849302,45.94967
849303,40.69814
849304,68.25518
849305,36.212994
849306,47.15006
849307,66.73506
849308,62.392204
849309,66.695305
849310,50.59082
849311,46.613358
849312,45.516544
849313,72.19527
849314,71.81935
849315,65.170204
849316,69.240036
849317,75.57414
849318,69.10797
849319,59.81837
849320,72.73962
849321,66.38128
849322,75.02051
849323,46.491024
849324,73.60231
849325,59.002113
849326,68.792984
849327,47.51604
849328,48.1106
849329,73.84265
849330,73.40232
849331,58.9299
849332,78.36923
849333,78.97504
849334,44.008713
849335,21.654003
849336,28.173014
849337,45.360256
849338,34.259125
849339,46.073925
849340,60.142963
849341,69.01797
849342,67.660706
849343,39.61102
849344,22.841818
849345,73.37279
849346,39.146095
849347,56.620567
849348,78.36262
849349,47.772236
849350,59.287907
849351,29.718674
849352,70.98618
849353,19.600462
849354,46.38222
849355,61.07129
849356,47.025333
849357,59.68169
849358,39.238064
849359,78.254684
849360,73.25705
849361,53.54461
849362,56.518303
849363,68.229385
849364,73.646225
849365,44.663616
849366,39.17839
849367,46.472736
849368,41.25853
849369,68.725624
849370,36.91295
849371,47.721745
849372,67.43741
849373,62.554497
849374,67.70466
849375,51.518486
849376,47.246403
849377,46.393482
849378,73.24578
849379,73.18641
849380,64.95693
849381,70.635376
849382,75.71792
849383,70.35755
849384,59.34375
849385,73.12362
849386,66.362526
849387,75.55009
849388,46.80681
849389,73.793884
849390,58.611946
849391,68.839195
849392,47.70442
849393,48.39085
849394,74.01869
849395,73.501755
849396,59.08344
849397,78.30274
849398,79.1391
849399,44.985764
849400,22.274065
849401,28.31776
849402,45.688885
849403,34.19811
849404,46.246742
849405,60.626648
849406,69.549385
849407,68.2806
849408,40.872665
849409,23.289692
849410,73.91479
849411,40.6061
849412,57.062088
849413,78.81054
849414,47.950428
849415,58.891582
849416,30.437035
849417,70.54814
849418,19.723171
849419,46.09862
849420,61.028034
849421,47.690876
849422,60.110474
849423,40.683514
849424,79.909225
849425,74.70306
849426,56.192314
849427,57.41448
849428,68.540245
849429,74.00816
849430,44.847935
849431,38.735836
849432,46.535744
849433,41.488106
849434,68.99143
849435,36.747192
849436,47.27857
849437,68.73404
849438,62.122326
849439,68.135956
849440,51.008137
849441,46.890606
849442,46.423183
849443,75.31078
849444,74.42436
849445,64.200035
849446,74.18615
849447,76.583824
849448,70.78663
849449,58.57734
849450,73.24903
849451,67.497375
849452,76.7644
849453,47.45555
849454,74.5266
849455,58.486156
849456,69.49205
849457,48.51273
849458,49.28313
849459,74.305786
849460,73.77931
849461,58.393764
849462,78.9344
849463,80.359856
849464,45.848137
849465,22.09487
849466,28.248882
849467,45.73948
849468,34.179203
849469,46.723083
849470,62.55861
849471,70.31774
849472,68.93338
849473,41.833897
849474,24.515556
849475,73.41343
849476,44.66885
849477,57.83522
849478,79.86666
849479,48.476826
849480,58.765038
849481,30.828676
849482,70.04568
849483,20.077103
849484,46.371204
849485,61.238323
849486,47.624554
849487,60.47107
849488,40.78631
849489,80.54952
849490,75.06406
849491,57.280575
849492,58.032597
849493,69.41745
849494,74.676956
849495,45.548218
849496,39.493942
849497,48.12308
849498,44.073376
849499,69.7198
849500,37.326576
849501,48.145832
849502,69.00678
849503,62.61249
849504,67.81999
849505,51.39766
849506,46.93248
849507,46.61825
849508,75.762764
849509,75.26155
849510,65.251076
849511,75.62682
849512,77.79049
849513,70.873985
849514,59.359844
849515,73.9294
849516,68.401955
849517,78.53959
849518,48.491173
849519,76.02022
849520,59.567825
849521,71.08425
849522,50.17256
849523,50.28447
849524,74.34683
849525,74.19261
849526,58.54876
849527,78.9234
849528,81.015175
849529,46.78634
849530,22.448755
849531,28.266788
849532,46.1105
849533,34.19244
849534,46.55918
849535,63.88427
849536,71.57762
849537,69.98157
849538,42.146065
849539,25.155336
849540,74.84301
849541,44.7202
849542,58.14918
849543,80.57072
849544,49.512394
849545,59.35456
849546,31.505749
849547,71.1065
849548,21.48491
849549,47.971355
849550,60.969173
849551,47.999195
849552,60.779793
849553,42.0623
849554,82.29966
849555,76.484344
849556,59.42209
849557,59.027683
849558,70.69216
849559,75.1685
849560,47.01526
849561,40.4067
849562,49.65273
849563,46.57716
849564,70.476654
849565,38.184784
849566,49.419098
849567,69.08629
849568,63.221764
849569,67.79238
849570,50.861275
849571,46.700306
849572,47.102116
849573,76.60572
849574,76.85948
849575,66.8147
849576,78.24954
849577,78.90142
849578,71.88484
849579,59.77356
849580,75.062004
849581,69.94101
849582,80.17247
849583,50.010593
849584,78.09424
849585,60.88406
849586,73.34006
849587,51.546246
849588,52.09915
849589,75.43822
849590,75.232155
849591,58.531593
849592,79.9266
849593,81.89792
849594,48.82032
849595,22.991972
849596,28.458515
849597,46.28238
849598,34.107204
849599,47.183125
849600,65.01891
849601,73.684166
849602,72.480415
849603,43.790924
849604,27.020517
849605,76.25641
849606,46.930275
849607,60.20847
849608,82.1307
849609,52.174644
849610,59.927715
849611,33.525017
849612,71.705826
849613,24.110582
849614,51.17499
849615,59.881104
849616,47.371468
849617,59.883793
849618,41.04356
849619,82.87468
849620,76.058174
849621,59.238728
849622,58.599438
849623,71.52352
849624,75.28478
849625,47.0557
849626,40.42552
849627,50.453438
849628,47.195057
849629,70.63634
849630,38.437946
849631,49.57547
849632,68.104385
849633,62.54822
849634,67.08632
849635,49.79745
849636,45.819275
849637,46.06109
849638,75.97296
849639,77.640076
849640,66.60997
849641,77.98447
849642,79.295685
849643,71.85215
849644,59.250046
849645,75.204056
849646,70.296844
849647,80.52588
849648,50.343983
849649,78.41788
849650,61.41789
849651,73.77868
849652,51.985462
849653,52.567776
849654,74.50615
849655,75.651726
849656,58.1735
849657,79.47672
849658,81.47279
849659,49.95908
849660,23.1141
849661,28.424809
849662,45.794724
849663,34.097107
849664,47.044952
849665,65.00472
849666,73.758736
849667,73.058304
849668,44.26976
849669,27.409697
849670,76.23962
849671,47.684902
849672,60.7503
849673,82.41034
849674,52.454185
849675,60.282642
849676,33.415176
849677,72.20123
849678,24.461512
849679,51.96425
849680,59.829193
849681,47.995865
849682,60.298832
849683,41.00723
849684,82.86766
849685,75.94475
849686,58.33437
849687,58.877884
849688,70.53276
849689,74.7722
849690,46.831238
849691,41.54006
849692,50.517673
849693,47.49351
849694,70.24166
849695,39.333992
849696,50.744617
849697,67.850266
849698,62.71447
849699,66.90997
849700,49.448093
849701,45.14676
849702,46.153755
849703,76.25571
849704,75.800514
849705,67.71719
849706,77.73725
849707,79.121796
849708,71.280266
849709,60.197258
849710,75.88822
849711,71.09282
849712,80.15072
849713,50.430782
849714,78.912
849715,62.299
849716,74.94726
849717,52.48984
849718,52.681755
849719,74.93806
849720,76.27002
849721,58.192657
849722,80.20276
849723,81.94786
849724,49.888397
849725,24.398272
849726,28.574749
849727,46.209263
849728,34.181824
849729,47.137024
849730,65.15328
849731,75.725655
849732,74.59993
849733,44.94718
849734,28.374815
849735,78.33057
849736,46.898727
849737,61.900078
849738,83.33119
849739,53.16015
849740,60.623627
849741,34.408287
849742,72.51774
849743,26.334232
849744,53.22001
849745,60.64988
849746,48.7423
849747,60.16904
849748,40.919804
849749,82.81146
849750,75.74432
849751,58.0007
849752,58.423836
849753,69.67656
849754,74.82019
849755,46.1088
849756,41.314964
849757,49.180634
849758,46.574993
849759,69.69428
849760,38.989384
849761,50.411087
849762,67.70353
849763,62.602352
849764,67.067184
849765,49.343987
849766,45.567883
849767,46.3903
849768,75.7374
849769,74.17138
849770,67.14265
849771,77.22819
849772,78.684906
849773,70.62584
849774,59.544487
849775,75.94632
849776,70.65469
849777,79.03107
849778,49.89111
849779,78.84411
849780,61.2836
849781,75.15456
849782,52.640152
849783,52.224415
849784,74.29677
849785,75.697395
849786,58.053036
849787,79.78402
849788,81.85727
849789,48.351364
849790,24.597542
849791,28.556925
849792,46.099804
849793,33.900433
849794,47.10399
849795,64.41978
849796,76.42047
849797,75.19875
849798,45.15681
849799,28.699911
849800,78.99549
849801,46.216564
849802,61.749043
849803,83.492
849804,52.299732
849805,59.898163
849806,34.75441
849807,71.86548
849808,27.120829
849809,51.82091
849810,60.346596
849811,48.61281
849812,59.794624
849813,40.90643
849814,82.98545
849815,75.25027
849816,58.099598
849817,58.69909
849818,69.18026
849819,74.39937
849820,46.384274
849821,42.278145
849822,49.515823
849823,47.663338
849824,69.59179
849825,39.277184
849826,50.579185
849827,67.78717
849828,61.852856
849829,66.31967
849830,48.507275
849831,45.192112
849832,46.17105
849833,76.18468
849834,72.77421
849835,67.80713
849836,77.66726
849837,79.27788
849838,69.747375
849839,60.08519
849840,76.51701
849841,71.67365
849842,79.55438
849843,50.780224
849844,79.75623
849845,62.047565
849846,76.24016
849847,53.073532
849848,53.080475
849849,74.173836
849850,75.42848
849851,57.801186
849852,79.95789
849853,82.62532
849854,48.34357
849855,25.992785
849856,28.85703
849857,46.65369
849858,33.828323
849859,47.20171
849860,64.74112
849861,77.787056
849862,76.93225
849863,45.18705
849864,31.033766
849865,81.04815
849866,46.495617
849867,63.09289
849868,84.33395
849869,53.655807
849870,60.68078
849871,35.700344
849872,72.94613
849873,28.97402
849874,53.12885
849875,59.02942
849876,48.42244
849877,58.961452
849878,40.035088
849879,82.79619
849880,74.71871
849881,57.215786
849882,58.331345
849883,69.16867
849884,74.407074
849885,46.689796
849886,43.130787
849887,49.90003
849888,47.82793
849889,69.74524
849890,39.711292
849891,50.777443
849892,67.03403
849893,62.57859
849894,65.84834
849895,48.308994
849896,45.651237
849897,46.519566
849898,76.01799
849899,71.40102
849900,68.3583
849901,77.34154
849902,79.40025
849903,69.52126
849904,61.958973
849905,77.83571
849906,72.59582
849907,79.275826
849908,51.694405
849909,80.93497
849910,63.442307
849911,77.66011
849912,53.390724
849913,53.902912
849914,74.10208
849915,75.559814
849916,57.998222
849917,79.8242
849918,82.97489
849919,47.720776
849920,27.306301
849921,28.951046
849922,46.97009
849923,34.030968
849924,46.8983
849925,64.2044
849926,79.03024
849927,78.378525
849928,44.755806
849929,31.975883
849930,83.30606
849931,44.900963
849932,63.849766
849933,85.05579
849934,55.074715
849935,62.10326
849936,36.894318
849937,74.266266
849938,31.50287
849939,54.580437
849940,57.195335
849941,48.479507
849942,57.937664
849943,38.712074
849944,82.25749
849945,73.47544
849946,56.528973
849947,57.368946
849948,68.212074
849949,73.1067
849950,45.78226
849951,42.863518
849952,49.004616
849953,46.43532
849954,68.53781
849955,39.272152
849956,50.278767
849957,65.78244
849958,62.041492
849959,64.47525
849960,47.46533
849961,45.77613
849962,46.44923
849963,74.32902
849964,68.13495
849965,67.32679
849966,75.60064
849967,78.3454
849968,67.31618
849969,61.534904
849970,77.304405
849971,72.26188
849972,77.46089
849973,51.43597
849974,80.0347
849975,63.08473
849976,77.76503
849977,53.028824
849978,53.321045
849979,73.35192
849980,74.81428
849981,58.103943
849982,79.44759
849983,82.247635
849984,46.087242
849985,27.04496
849986,28.4307
849987,45.8564
849988,33.82208
849989,46.13499
849990,63.137066
849991,78.36538
849992,76.384094
849993,43.586838
849994,30.219809
849995,82.90622
849996,42.87149
849997,63.191814
849998,84.25681
849999,54.967205
850000,61.882156
850001,37.254414
850002,74.81486
850003,33.55513
850004,54.478848
850005,58.493305
850006,49.068962
850007,59.091557
850008,37.744602
850009,82.05167
850010,72.64967
850011,56.525112
850012,56.204903
850013,67.59525
850014,71.83775
850015,44.85251
850016,43.029305
850017,48.392525
850018,46.263214
850019,67.65859
850020,39.0694
850021,50.451862
850022,66.454094
850023,60.88807
850024,63.968117
850025,47.358017
850026,44.918003
850027,45.11372
850028,72.894035
850029,65.24883
850030,66.929924
850031,74.60329
850032,76.83882
850033,64.75839
850034,61.04672
850035,75.672806
850036,71.553
850037,75.851944
850038,50.545387
850039,77.81273
850040,62.174065
850041,77.2429
850042,52.21404
850043,52.69875
850044,71.92962
850045,73.909546
850046,57.631428
850047,78.62665
850048,81.93681
850049,44.30605
850050,24.549274
850051,28.119534
850052,45.513027
850053,33.643486
850054,45.942863
850055,62.521637
850056,76.83353
850057,73.68367
850058,43.933895
850059,26.250183
850060,81.138794
850061,43.297215
850062,61.85746
850063,82.488365
850064,53.15643
850065,61.283047
850066,36.08568
850067,74.87272
850068,32.798946
850069,53.325176
850070,59.094715
850071,49.052505
850072,59.665382
850073,36.005924
850074,81.08771
850075,71.12801
850076,55.200268
850077,55.028015
850078,65.92172
850079,70.14281
850080,44.057266
850081,42.086872
850082,47.63694
850083,45.714428
850084,67.01155
850085,38.148727
850086,49.795135
850087,66.509575
850088,59.56082
850089,63.329815
850090,47.10496
850091,44.716076
850092,44.140392
850093,71.644936
850094,61.3988
850095,66.41962
850096,71.89064
850097,74.869286
850098,62.41291
850099,59.904808
850100,73.92953
850101,69.7643
850102,73.75136
850103,49.347958
850104,75.46147
850105,60.900314
850106,76.46603
850107,50.348236
850108,51.13805
850109,70.54338
850110,72.3346
850111,57.39218
850112,77.38402
850113,81.041695
850114,41.83158
850115,23.49881
850116,28.35936
850117,45.038258
850118,33.6233
850119,45.98597
850120,60.926117
850121,75.04586
850122,69.89194
850123,43.011913
850124,24.201736
850125,78.95805
850126,42.337574
850127,60.3803
850128,80.637436
850129,52.10138
850130,60.113983
850131,34.8769
850132,74.68506
850133,32.144447
850134,51.71724
850135,56.77397
850136,47.184204
850137,57.84533
850138,34.548183
850139,79.322174
850140,69.06497
850141,53.662743
850142,53.863586
850143,63.35175
850144,68.21074
850145,42.723694
850146,40.63439
850147,46.245186
850148,43.31253
850149,65.61511
850150,36.7758
850151,48.013954
850152,64.83491
850153,58.09149
850154,61.556858
850155,45.278538
850156,43.51532
850157,43.217426
850158,70.41496
850159,57.459103
850160,63.749897
850161,69.410255
850162,72.81864
850163,59.66002
850164,57.987423
850165,71.90536
850166,69.582664
850167,72.75209
850168,48.133
850169,72.86529
850170,60.31405
850171,75.33229
850172,48.744076
850173,49.36672
850174,69.581314
850175,71.38989
850176,56.785618
850177,77.362495
850178,79.42144
850179,40.430992
850180,23.227474
850181,28.542515
850182,43.562187
850183,33.422146
850184,46.07907
850185,59.289314
850186,72.06288
850187,65.75786
850188,41.24713
850189,23.68475
850190,75.008514
850191,42.277756
850192,59.724037
850193,78.80956
850194,51.57739
850195,59.79536
850196,34.73421
850197,74.59352
850198,31.011307
850199,50.802948
850200,53.98563
850201,46.55596
850202,56.59135
850203,33.060966
850204,79.14563
850205,67.701805
850206,53.390728
850207,52.690697
850208,62.428474
850209,65.259895
850210,41.486916
850211,40.039528
850212,44.33055
850213,41.628143
850214,63.961548
850215,36.451054
850216,47.762154
850217,62.96604
850218,56.92209
850219,59.32989
850220,43.960438
850221,42.621944
850222,42.529697
850223,68.05405
850224,56.6565
850225,62.05504
850226,68.34949
850227,70.48073
850228,57.75031
850229,56.878548
850230,69.06787
850231,68.45967
850232,71.13396
850233,47.139786
850234,69.68287
850235,59.032124
850236,72.242485
850237,48.18458
850238,48.59467
850239,68.84615
850240,70.503555
850241,55.838604
850242,76.84892
850243,77.44994
850244,39.928894
850245,22.543966
850246,28.560616
850247,42.742123
850248,33.4409
850249,46.261208
850250,58.138256
850251,68.611946
850252,62.935345
850253,39.57083
850254,23.970533
850255,71.39603
850256,42.628826
850257,58.375473
850258,76.814285
850259,50.52914
850260,60.13601
850261,33.189644
850262,74.60534
850263,28.800621
850264,50.023968
850265,53.429813
850266,45.931774
850267,56.12899
850268,32.3594
850269,77.43463
850270,66.3103
850271,51.654945
850272,52.92142
850273,60.52389
850274,64.20907
850275,40.49739
850276,39.2579
850277,43.07831
850278,40.32701
850279,62.608128
850280,35.999447
850281,47.161037
850282,63.01971
850283,56.65115
850284,58.0657
850285,44.065083
850286,42.41972
850287,42.34293
850288,66.148026
850289,56.958263
850290,61.96734
850291,66.047714
850292,68.8629
850293,56.824757
850294,56.015213
850295,66.990875
850296,66.900116
850297,70.14488
850298,45.90736
850299,67.64029
850300,57.00251
850301,69.72529
850302,47.296
850303,47.47646
850304,69.47998
850305,70.05719
850306,56.055878
850307,76.84177
850308,75.68437
850309,40.26008
850310,22.937939
850311,28.629858
850312,42.384106
850313,33.68739
850314,46.68103
850315,57.58279
850316,66.06286
850317,61.101353
850318,37.939045
850319,23.55654
850320,68.67597
850321,41.258034
850322,57.539715
850323,74.98921
850324,49.93432
850325,59.766335
850326,31.538311
850327,73.77113
850328,26.02148
850329,49.043186
850330,53.67773
850331,44.012432
850332,55.28384
850333,31.385527
850334,76.56203
850335,65.68974
850336,50.350143
850337,51.718826
850338,59.997047
850339,65.320435
850340,40.239716
850341,38.53248
850342,40.958145
850343,37.47349
850344,63.411377
850345,35.52722
850346,46.388897
850347,63.25798
850348,56.74454
850349,59.16375
850350,43.573254
850351,42.125324
850352,41.56296
850353,66.432724
850354,57.64925
850355,61.13373
850356,66.59069
850357,69.17413
850358,57.067726
850359,56.15178
850360,66.552124
850361,66.78825
850362,70.693436
850363,45.426018
850364,68.03225
850365,57.248486
850366,67.823296
850367,46.316833
850368,46.902924
850369,68.72606
850370,69.88896
850371,54.610313
850372,76.98688
850373,75.467155
850374,39.586613
850375,21.986872
850376,28.510614
850377,41.69845
850378,33.644848
850379,46.540516
850380,56.542797
850381,65.253426
850382,60.125034
850383,37.962967
850384,22.970558
850385,65.94147
850386,42.055447
850387,56.882
850388,74.82281
850389,50.287216
850390,60.66632
850391,31.850239
850392,73.07992
850393,22.840405
850394,48.548782
850395,54.98411
850396,45.135246
850397,56.45278
850398,33.472
850399,76.01908
850400,66.07133
850401,52.88693
850402,51.82243
850403,59.564377
850404,65.60783
850405,40.779716
850406,37.76485
850407,41.745842
850408,38.64363
850409,63.388294
850410,34.62346
850411,44.9824
850412,64.44676
850413,56.900627
850414,59.065014
850415,44.135777
850416,42.441654
850417,42.33124
850418,68.86464
850419,55.419827
850420,61.487823
850421,66.884735
850422,68.006454
850423,56.85401
850424,55.848503
850425,66.0069
850426,66.46605
850427,70.32126
850428,44.674828
850429,67.1798
850430,56.367207
850431,67.20471
850432,45.612106
850433,46.163086
850434,69.35121
850435,69.987206
850436,54.629898
850437,77.31905
850438,76.0993
850439,39.604893
850440,21.41086
850441,28.264967
850442,42.75792
850443,33.770046
850444,46.529083
850445,56.85338
850446,64.21609
850447,57.75988
850448,37.91363
850449,22.78378
850450,64.19106
850451,41.73117
850452,55.617268
850453,73.23934
850454,49.696167
850455,60.720245
850456,31.573565
850457,73.142914
850458,22.140465
850459,47.18087
850460,55.02042
850461,44.968136
850462,56.91334
850463,32.913612
850464,76.13844
850465,66.49841
850466,51.21702
850467,52.31652
850468,59.488785
850469,65.32417
850470,40.278526
850471,37.814777
850472,41.391872
850473,37.692425
850474,62.98148
850475,34.94715
850476,45.643852
850477,63.875927
850478,56.77367
850479,60.01501
850480,44.096203
850481,41.687862
850482,41.599785
850483,67.01322
850484,57.35572
850485,61.525555
850486,64.93289
850487,68.17221
850488,56.950615
850489,55.176514
850490,66.21929
850491,66.08316
850492,69.166084
850493,44.11024
850494,66.56374
850495,55.864586
850496,66.62307
850497,44.98957
850498,45.75531
850499,69.495544
850500,70.71885
850501,54.699142
850502,77.156364
850503,74.65614
850504,39.607693
850505,21.20136
850506,28.324736
850507,42.24973
850508,33.719193
850509,46.851055
850510,56.279957
850511,63.550472
850512,58.640236
850513,37.785637
850514,22.846785
850515,64.56104
850516,41.580826
850517,55.964226
850518,73.327
850519,48.863033
850520,60.185665
850521,30.339142
850522,72.680824
850523,21.577503
850524,46.439903
850525,53.840317
850526,44.265266
850527,56.682205
850528,31.256962
850529,74.32862
850530,65.98696
850531,48.371586
850532,51.207375
850533,58.85332
850534,65.45405
850535,40.480488
850536,38.073334
850537,40.9528
850538,36.980194
850539,63.371277
850540,34.68444
850541,46.060246
850542,62.60555
850543,57.76214
850544,60.12575
850545,45.33916
850546,42.26909
850547,41.613697
850548,65.11703
850549,57.28528
850550,61.972057
850551,61.647995
850552,66.38625
850553,57.300102
850554,55.251457
850555,65.93834
850556,65.26837
850557,67.50497
850558,43.72169
850559,65.63153
850560,55.400826
850561,66.90812
850562,43.75691
850563,44.9538
850564,69.275246
850565,70.21066
850566,55.462646
850567,76.296524
850568,72.673515
850569,39.172962
850570,21.056257
850571,28.151482
850572,41.724113
850573,33.95867
850574,46.57091
850575,54.927517
850576,60.967266
850577,57.14904
850578,36.263493
850579,21.676598
850580,62.1546
850581,39.403744
850582,54.483883
850583,70.86939
850584,49.368908
850585,60.320145
850586,30.449099
850587,72.57529
850588,21.08643
850589,45.930298
850590,54.83572
850591,45.25629
850592,55.673832
850593,34.03934
850594,74.52148
850595,65.83687
850596,50.13276
850597,51.78632
850598,58.650906
850599,64.52011
850600,40.845768
850601,39.354225
850602,40.293606
850603,36.449104
850604,62.47769
850605,35.11773
850606,46.53844
850607,63.70605
850608,57.606525
850609,58.874863
850610,45.849762
850611,44.10573
850612,43.488194
850613,65.91503
850614,58.04724
850615,61.60377
850616,62.894012
850617,65.72917
850618,57.85694
850619,55.61212
850620,64.71426
850621,64.40086
850622,66.89972
850623,43.90254
850624,64.54777
850625,53.419228
850626,66.193344
850627,44.081707
850628,45.272335
850629,69.087364
850630,68.45353
850631,56.249844
850632,75.42287
850633,73.06818
850634,39.765995
850635,21.548506
850636,28.117577
850637,42.159393
850638,33.915703
850639,46.201633
850640,54.884922
850641,60.334087
850642,57.15813
850643,35.744843
850644,21.420935
850645,61.337376
850646,38.886307
850647,53.957153
850648,69.3618
850649,48.83896
850650,59.45886
850651,30.363914
850652,71.98105
850653,19.974937
850654,44.72737
850655,51.988964
850656,44.324966
850657,55.104076
850658,30.695438
850659,73.825226
850660,64.20402
850661,48.543045
850662,50.785954
850663,57.795364
850664,62.00514
850665,39.91528
850666,39.48265
850667,39.186665
850668,33.961018
850669,60.824333
850670,35.115417
850671,47.41312
850672,60.527157
850673,55.408104
850674,58.089245
850675,43.42734
850676,42.055954
850677,41.447617
850678,62.267994
850679,54.348354
850680,59.6332
850681,59.790546
850682,64.89827
850683,54.816235
850684,53.72142
850685,63.107647
850686,63.60375
850687,64.04048
850688,43.58192
850689,62.94319
850690,51.32797
850691,64.10469
850692,43.133526
850693,44.957745
850694,66.83239
850695,67.76578
850696,54.287148
850697,74.369705
850698,68.802536
850699,38.67419
850700,20.873075
850701,28.301334
850702,40.716038
850703,33.601982
850704,46.760284
850705,52.919724
850706,58.75331
850707,56.672478
850708,36.07647
850709,21.706705
850710,60.92226
850711,40.264572
850712,54.743393
850713,69.53768
850714,49.648483
850715,59.61628
850716,30.458487
850717,71.79142
850718,20.948753
850719,44.829063
850720,51.060974
850721,42.943573
850722,56.148357
850723,28.51727
850724,70.74204
850725,63.53829
850726,45.80745
850727,50.429337
850728,56.387157
850729,60.40743
850730,38.831482
850731,39.46235
850732,36.81092
850733,31.138294
850734,58.831764
850735,36.12297
850736,47.63203
850737,59.44301
850738,53.358112
850739,57.537914
850740,41.836834
850741,39.805515
850742,39.617683
850743,58.093117
850744,53.539158
850745,58.843494
850746,56.9421
850747,63.95378
850748,52.79449
850749,51.3015
850750,62.21501
850751,63.175392
850752,63.021362
850753,42.400715
850754,60.646862
850755,49.599915
850756,63.418667
850757,42.449024
850758,44.314953
850759,66.06883
850760,67.42798
850761,52.456326
850762,73.709145
850763,66.47549
850764,38.594383
850765,21.552511
850766,28.650331
850767,40.306767
850768,33.99414
850769,47.192398
850770,52.17212
850771,57.932114
850772,56.39404
850773,35.367615
850774,22.389763
850775,60.1186
850776,41.30668
850777,54.63432
850778,69.00299
850779,48.511
850780,60.11064
850781,29.988256
850782,71.53908
850783,20.399565
850784,44.95438
850785,51.24835
850786,43.839394
850787,54.916
850788,29.110163
850789,71.18603
850790,63.2836
850791,44.796688
850792,49.198036
850793,54.881245
850794,59.83112
850795,37.806747
850796,39.321934
850797,35.18093
850798,30.731672
850799,58.294647
850800,35.968616
850801,46.679733
850802,59.932472
850803,52.945606
850804,57.359524
850805,41.222088
850806,40.43729
850807,40.09874
850808,59.168045
850809,51.409912
850810,56.24323
850811,56.59875
850812,62.66168
850813,51.656563
850814,53.233696
850815,61.387207
850816,62.032146
850817,60.427486
850818,41.428223
850819,60.067238
850820,51.60039
850821,62.193905
850822,41.766876
850823,43.705715
850824,64.61584
850825,66.598404
850826,51.390076
850827,72.61188
850828,67.31256
850829,36.98558
850830,21.455215
850831,28.586323
850832,39.015945
850833,33.736713
850834,46.78799
850835,50.48541
850836,57.111973
850837,55.78088
850838,35.422523
850839,21.860773
850840,59.865402
850841,41.676525
850842,53.739285
850843,68.28835
850844,47.018757
850845,59.43436
850846,30.295006
850847,71.04079
850848,19.686562
850849,42.968006
850850,47.071533
850851,40.065804
850852,50.058926
850853,26.74082
850854,67.14875
850855,59.834366
850856,40.289364
850857,46.359676
850858,52.70303
850859,57.880337
850860,37.782146
850861,39.789227
850862,33.65248
850863,28.694624
850864,57.33984
850865,36.173706
850866,46.138508
850867,55.560623
850868,51.16452
850869,56.113678
850870,39.271114
850871,40.23375
850872,39.886917
850873,55.361366
850874,46.244152
850875,52.345425
850876,52.544067
850877,60.814987
850878,49.154392
850879,53.839184
850880,59.960503
850881,58.782917
850882,59.10407
850883,40.991848
850884,58.70828
850885,51.6038
850886,60.553295
850887,39.97412
850888,42.56199
850889,59.669422
850890,64.50256
850891,49.781292
850892,69.58743
850893,64.95251
850894,34.78646
850895,21.419304
850896,28.968025
850897,37.87944
850898,33.86685
850899,46.54194
850900,47.24386
850901,55.327106
850902,54.813904
850903,33.48596
850904,21.728485
850905,56.50847
850906,39.21522
850907,53.146873
850908,66.60898
850909,47.92999
850910,62.48329
850911,31.87507
850912,70.92517
850913,18.481823
850914,43.88194
850915,44.91216
850916,39.484795
850917,48.993935
850918,25.526882
850919,66.71874
850920,57.27214
850921,38.903522
850922,45.077168
850923,51.63162
850924,54.792637
850925,37.0391
850926,40.853676
850927,32.027073
850928,27.690025
850929,56.04659
850930,37.023605
850931,45.88452
850932,53.454735
850933,51.377754
850934,54.360096
850935,38.408035
850936,40.571068
850937,40.567543
850938,52.513973
850939,45.815884
850940,50.855835
850941,50.583584
850942,58.84019
850943,47.99991
850944,52.997684
850945,57.460815
850946,57.47346
850947,57.30526
850948,40.927376
850949,56.64141
850950,48.617977
850951,59.439213
850952,39.531113
850953,42.61422
850954,57.692093
850955,63.03677
850956,50.10414
850957,68.88289
850958,63.888107
850959,34.928097
850960,22.114655
850961,29.178959
850962,37.130463
850963,33.911957
850964,46.380306
850965,46.295933
850966,54.706406
850967,53.051186
850968,30.46432
850969,21.703997
850970,55.378456
850971,37.87394
850972,52.996933
850973,64.56097
850974,47.29232
850975,62.052067
850976,31.01104
850977,70.47254
850978,18.168173
850979,43.57206
850980,42.114967
850981,40.354424
850982,49.772728
850983,23.684778
850984,67.76394
850985,58.1526
850986,39.178856
850987,44.409462
850988,51.249702
850989,53.000347
850990,35.94244
850991,41.37469
850992,32.054928
850993,29.241488
850994,54.85774
850995,38.618774
850996,46.176857
850997,51.803505
850998,51.714294
850999,53.108425
851000,38.10629
851001,39.786057
851002,39.668022
851003,48.782993
851004,47.098557
851005,50.219845
851006,50.366474
851007,56.694473
851008,46.655685
851009,52.65684
851010,55.85633
851011,59.192627
851012,55.419804
851013,40.506073
851014,54.174644
851015,47.026165
851016,57.80481
851017,40.132225
851018,43.92833
851019,56.44059
851020,62.549038
851021,48.09944
851022,68.46152
851023,63.307236
851024,34.561718
851025,21.757736
851026,29.317474
851027,35.521378
851028,33.737556
851029,45.692543
851030,46.48449
851031,53.720276
851032,50.31773
851033,27.276146
851034,21.877815
851035,53.95633
851036,38.982544
851037,51.46324
851038,63.626022
851039,44.832676
851040,63.406384
851041,30.409843
851042,71.09377
851043,18.57007
851044,42.75245
851045,40.9873
851046,40.989773
851047,49.410324
851048,24.92659
851049,66.81165
851050,58.687843
851051,40.16221
851052,43.61679
851053,48.887
851054,52.660988
851055,35.530712
851056,39.68975
851057,31.731548
851058,30.866707
851059,53.620785
851060,37.482372
851061,46.413036
851062,50.74578
851063,50.53109
851064,51.642944
851065,37.972897
851066,40.695362
851067,40.5121
851068,50.675243
851069,44.44126
851070,48.203793
851071,51.16979
851072,53.30284
851073,45.77474
851074,52.21498
851075,52.76394
851076,59.1815
851077,53.618282
851078,39.47764
851079,52.116604
851080,47.51203
851081,56.83849
851082,40.047653
851083,43.268925
851084,55.863827
851085,60.323513
851086,46.167545
851087,67.149216
851088,62.499367
851089,33.429928
851090,21.00783
851091,29.060879
851092,35.67959
851093,33.403824
851094,45.7809
851095,46.532307
851096,50.998474
851097,47.62741
851098,24.575373
851099,21.48825
851100,50.93171
851101,40.088757
851102,48.167316
851103,61.95708
851104,44.900925
851105,65.22697
851106,29.78555
851107,71.6688
851108,17.20307
851109,43.3492
851110,39.93146
851111,40.369373
851112,49.498375
851113,23.722466
851114,63.869465
851115,59.50385
851116,39.250385
851117,42.310993
851118,47.470005
851119,51.69471
851120,34.06101
851121,38.967796
851122,29.468954
851123,30.177153
851124,52.33365
851125,37.532516
851126,45.390896
851127,50.089924
851128,49.80284
851129,51.235943
851130,38.336544
851131,40.356823
851132,40.199306
851133,47.937916
851134,44.394222
851135,48.462193
851136,49.938694
851137,51.19953
851138,43.60999
851139,51.633476
851140,51.161873
851141,57.379158
851142,50.81412
851143,38.213886
851144,49.319084
851145,45.28092
851146,53.989582
851147,39.283463
851148,42.77052
851149,54.246162
851150,60.01251
851151,44.521957
851152,64.58902
851153,60.534233
851154,32.639267
851155,20.62725
851156,28.910545
851157,34.9372
851158,33.730087
851159,44.981117
851160,45.15921
851161,48.633644
851162,45.39629
851163,24.243725
851164,21.418303
851165,48.675686
851166,38.992416
851167,46.187065
851168,58.80054
851169,42.6612
851170,64.56182
851171,30.889502
851172,70.26466
851173,17.302263
851174,41.178745
